cruise,cast,niskin,station,data_check,size,mean_npp,depth_category,sd_npp,depth,depth_grp,temp_check,temp_dif
AT46,1,4,L1,A,total,17.851,D1,NA,17.843,"(16.5,18]",Good,3.334773793
AT46,1,4,L1,A,less20,6.556,D1,NA,17.843,"(16.5,18]",Good,3.334773793
AT46,1,4,L1,A,less5,1.793,D1,NA,17.843,"(16.5,18]",Good,3.334773793
AT46,1,4,L1,A,between520,4.763,NA,NA,17.843,"(16.5,18]",Good,3.334773793
AT46,1,4,L1,A,greater20,11.295,NA,NA,17.843,"(16.5,18]",Good,3.334773793
AT46,1,9,L1,A,total,59.853,D2,NA,9.782,"(7.5,9]",Good,3.345597126
AT46,1,9,L1,A,less20,23.92,D2,NA,9.782,"(7.5,9]",Good,3.345597126
AT46,1,9,L1,A,less5,7.211,D2,NA,9.782,"(7.5,9]",Good,3.345597126
AT46,1,9,L1,A,between520,16.709,NA,NA,9.782,"(7.5,9]",Good,3.345597126
AT46,1,9,L1,A,greater20,35.933,NA,NA,9.782,"(7.5,9]",Good,3.345597126
AT46,1,15,L1,A,total,59.8625,D3,3.7158,1.774,"(0,1.5]",Good,3.34533687
AT46,1,15,L1,A,less20,22.679,D3,NA,1.774,"(0,1.5]",Good,3.34533687
AT46,1,15,L1,A,less5,3.833,D3,NA,1.774,"(0,1.5]",Good,3.34533687
AT46,1,15,L1,A,between520,18.846,NA,NA,1.774,"(0,1.5]",Good,3.34533687
AT46,1,15,L1,A,greater20,37.1835,NA,NA,1.774,"(0,1.5]",Good,3.34533687
AT46,2,10,L4,A,total,2.247,D1,NA,38.326,"(37.5,39]",Good,4.728513956
AT46,2,10,L4,A,less20,0.729,D1,NA,38.326,"(37.5,39]",Good,4.728513956
AT46,2,10,L4,A,less5,0.413,D1,NA,38.326,"(37.5,39]",Good,4.728513956
AT46,2,10,L4,A,between520,0.316,NA,NA,38.326,"(37.5,39]",Good,4.728513956
AT46,2,10,L4,A,greater20,1.518,NA,NA,38.326,"(37.5,39]",Good,4.728513956
AT46,2,16,L4,A,total,19.078,D2,NA,17.459,"(16.5,18]",Good,4.743380623
AT46,2,16,L4,A,less20,4.424,D2,NA,17.459,"(16.5,18]",Good,4.743380623
AT46,2,16,L4,A,less5,1.791,D2,NA,17.459,"(16.5,18]",Good,4.743380623
AT46,2,16,L4,A,between520,2.633,NA,NA,17.459,"(16.5,18]",Good,4.743380623
AT46,2,16,L4,A,greater20,14.654,NA,NA,17.459,"(16.5,18]",Good,4.743380623
AT46,2,21,L4,A,total,24.9053,D3,1.6823,2.649,"(1.5,3]",Good,4.751194909
AT46,2,21,L4,A,less20,5.758,D3,NA,2.649,"(1.5,3]",Good,4.751194909
AT46,2,21,L4,A,less5,2.302,D3,NA,2.649,"(1.5,3]",Good,4.751194909
AT46,2,21,L4,A,between520,3.456,NA,NA,2.649,"(1.5,3]",Good,4.751194909
AT46,2,21,L4,A,greater20,19.1473,NA,NA,2.649,"(1.5,3]",Good,4.751194909
AT46,6,9,L6,A,total,0.392,D1,NA,49.658,"(48,49.5]",Good,3.4164
AT46,6,9,L6,A,less20,0.26,D1,NA,49.658,"(48,49.5]",Good,3.4164
AT46,6,9,L6,A,less5,0.152,D1,NA,49.658,"(48,49.5]",Good,3.4164
AT46,6,9,L6,A,between520,0.108,NA,NA,49.658,"(48,49.5]",Good,3.4164
AT46,6,9,L6,A,greater20,0.132,NA,NA,49.658,"(48,49.5]",Good,3.4164
AT46,6,15,L6,A,total,18.346,D2,NA,22.126,"(21,22.5]",Good,3.44705
AT46,6,15,L6,A,less20,7.258,D2,NA,22.126,"(21,22.5]",Good,3.44705
AT46,6,15,L6,A,less5,3.182,D2,NA,22.126,"(21,22.5]",Good,3.44705
AT46,6,15,L6,A,between520,4.076,NA,NA,22.126,"(21,22.5]",Good,3.44705
AT46,6,15,L6,A,greater20,11.088,NA,NA,22.126,"(21,22.5]",Good,3.44705
AT46,6,20,L6,A,total,29.8453,D3,1.1845,3.157,"(1.5,3]",Good,3.4189875
AT46,6,20,L6,A,less20,13.558,D3,NA,3.157,"(1.5,3]",Good,3.4189875
AT46,6,20,L6,A,less5,7.166,D3,NA,3.157,"(1.5,3]",Good,3.4189875
AT46,6,20,L6,A,between520,6.392,NA,NA,3.157,"(1.5,3]",Good,3.4189875
AT46,6,20,L6,A,greater20,16.2873,NA,NA,3.157,"(1.5,3]",Good,3.4189875
AT46,7,7,L11,A,total,0.255,D1,NA,66.727,"(64.5,66]",Bad,-2.745972603
AT46,7,7,L11,A,less20,0.176,D1,NA,66.727,"(64.5,66]",Bad,-2.745972603
AT46,7,7,L11,A,less5,0.159,D1,NA,66.727,"(64.5,66]",Bad,-2.745972603
AT46,7,7,L11,A,between520,0.017,NA,NA,66.727,"(64.5,66]",Bad,-2.745972603
AT46,7,7,L11,A,greater20,0.079,NA,NA,66.727,"(64.5,66]",Bad,-2.745972603
AT46,7,8,L11,A,total,1.065,D2,NA,45.324,"(43.5,45]",Bad,-2.731372603
AT46,7,8,L11,A,less20,0.869,D2,NA,45.324,"(43.5,45]",Bad,-2.731372603
AT46,7,8,L11,A,less5,0.671,D2,NA,45.324,"(43.5,45]",Bad,-2.731372603
AT46,7,8,L11,A,between520,0.198,NA,NA,45.324,"(43.5,45]",Bad,-2.731372603
AT46,7,8,L11,A,greater20,0.196,NA,NA,45.324,"(43.5,45]",Bad,-2.731372603
AT46,7,21,L11,A,total,20.9755,D4,0.3359,3.037,"(1.5,3]",Good,-2.565601173
AT46,7,21,L11,A,less20,13.024,D4,NA,3.037,"(1.5,3]",Good,-2.565601173
AT46,7,21,L11,A,less5,8.348,D4,NA,3.037,"(1.5,3]",Good,-2.565601173
AT46,7,21,L11,A,between520,4.676,NA,NA,3.037,"(1.5,3]",Good,-2.565601173
AT46,7,21,L11,A,greater20,7.9515,NA,NA,3.037,"(1.5,3]",Good,-2.565601173
AT46,13,8,L8,A,total,0.341,D1,NA,58.614,"(57,58.5]",Bad,-2.815068772
AT46,13,8,L8,A,less20,0.309,D1,NA,58.614,"(57,58.5]",Bad,-2.815068772
AT46,13,8,L8,A,less5,0.222,D1,NA,58.614,"(57,58.5]",Bad,-2.815068772
AT46,13,8,L8,A,between520,0.087,NA,NA,58.614,"(57,58.5]",Bad,-2.815068772
AT46,13,8,L8,A,greater20,0.032,NA,NA,58.614,"(57,58.5]",Bad,-2.815068772
AT46,13,12,L8,A,total,2.561,D2,NA,44.625,"(43.5,45]",Good,-1.979918772
AT46,13,12,L8,A,less20,1.549,D2,NA,44.625,"(43.5,45]",Good,-1.979918772
AT46,13,12,L8,A,less5,1.173,D2,NA,44.625,"(43.5,45]",Good,-1.979918772
AT46,13,12,L8,A,between520,0.376,NA,NA,44.625,"(43.5,45]",Good,-1.979918772
AT46,13,12,L8,A,greater20,1.012,NA,NA,44.625,"(43.5,45]",Good,-1.979918772
AT46,13,16,L8,A,total,23.369,D3,NA,27.513,"(25.5,27]",Good,-0.335698408
AT46,13,16,L8,A,less20,6.369,D3,NA,27.513,"(25.5,27]",Good,-0.335698408
AT46,13,16,L8,A,less5,3.431,D3,NA,27.513,"(25.5,27]",Good,-0.335698408
AT46,13,16,L8,A,between520,2.938,NA,NA,27.513,"(25.5,27]",Good,-0.335698408
AT46,13,16,L8,A,greater20,17,NA,NA,27.513,"(25.5,27]",Good,-0.335698408
AT46,13,21,L8,A,total,20.398,D4,1.6051,7.661,"(6,7.5]",Good,0.187285022
AT46,13,21,L8,A,less20,12.251,D4,NA,7.661,"(6,7.5]",Good,0.187285022
AT46,13,21,L8,A,less5,6.912,D4,NA,7.661,"(6,7.5]",Good,0.187285022
AT46,13,21,L8,A,between520,5.339,NA,NA,7.661,"(6,7.5]",Good,0.187285022
AT46,13,21,L8,A,greater20,8.147,NA,NA,7.661,"(6,7.5]",Good,0.187285022
AT46,15,2,L4,A,total,1.757,D1,NA,30.237,"(28.5,30]",Good,-0.109863287
AT46,15,2,L4,A,less20,1.206,D1,NA,30.237,"(28.5,30]",Good,-0.109863287
AT46,15,2,L4,A,less5,0.651,D1,NA,30.237,"(28.5,30]",Good,-0.109863287
AT46,15,2,L4,A,between520,0.555,NA,NA,30.237,"(28.5,30]",Good,-0.109863287
AT46,15,2,L4,A,greater20,0.551,NA,NA,30.237,"(28.5,30]",Good,-0.109863287
AT46,15,4,L4,A,total,26.422,D2,NA,7.572,"(6,7.5]",Good,-0.104163287
AT46,15,4,L4,A,less20,13.567,D2,NA,7.572,"(6,7.5]",Good,-0.104163287
AT46,15,4,L4,A,less5,5.237,D2,NA,7.572,"(6,7.5]",Good,-0.104163287
AT46,15,4,L4,A,between520,8.33,NA,NA,7.572,"(6,7.5]",Good,-0.104163287
AT46,15,4,L4,A,greater20,12.855,NA,NA,7.572,"(6,7.5]",Good,-0.104163287
AT46,17,11,L2,A,total,93.468,D2,NA,15.614,"(13.5,15]",Good,0.998076944
AT46,17,11,L2,A,less20,19.015,D2,NA,15.614,"(13.5,15]",Good,0.998076944
AT46,17,11,L2,A,less5,0.221,D2,NA,15.614,"(13.5,15]",Good,0.998076944
AT46,17,11,L2,A,between520,18.794,NA,NA,15.614,"(13.5,15]",Good,0.998076944
AT46,17,11,L2,A,greater20,74.453,NA,NA,15.614,"(13.5,15]",Good,0.998076944
AT46,17,16,L2,A,total,134.831,D3,3.7572,7.356,"(4.5,6]",Good,1.010719444
AT46,17,16,L2,A,less20,34.491,D3,NA,7.356,"(4.5,6]",Good,1.010719444
AT46,17,16,L2,A,less5,3.943,D3,NA,7.356,"(4.5,6]",Good,1.010719444
AT46,17,16,L2,A,between520,30.548,NA,NA,7.356,"(4.5,6]",Good,1.010719444
AT46,17,16,L2,A,greater20,100.34,NA,NA,7.356,"(4.5,6]",Good,1.010719444
EN649,1,4,L1,A,total,2.866,D1,NA,18.072,"(16.5,18]",Good,0.721033684
EN649,1,4,L1,A,less20,1.387,D1,NA,18.072,"(16.5,18]",Good,0.721033684
EN649,1,4,L1,A,less5,0.452,D1,NA,18.072,"(16.5,18]",Good,0.721033684
EN649,1,4,L1,A,between520,0.935,NA,NA,18.072,"(16.5,18]",Good,0.721033684
EN649,1,4,L1,A,greater20,1.479,NA,NA,18.072,"(16.5,18]",Good,0.721033684
EN649,1,9,L1,A,total,12.329,D2,NA,10.265,"(9,10.5]",Good,0.721273684
EN649,1,9,L1,A,less20,8.98,D2,NA,10.265,"(9,10.5]",Good,0.721273684
EN649,1,9,L1,A,less5,2.624,D2,NA,10.265,"(9,10.5]",Good,0.721273684
EN649,1,9,L1,A,between520,6.356,NA,NA,10.265,"(9,10.5]",Good,0.721273684
EN649,1,9,L1,A,greater20,3.349,NA,NA,10.265,"(9,10.5]",Good,0.721273684
EN649,1,15,L1,A,total,29.794,D3,NA,3.356,"(1.5,3]",Good,0.722019838
EN649,1,15,L1,A,less20,20.815,D3,NA,3.356,"(1.5,3]",Good,0.722019838
EN649,1,15,L1,A,less5,6.255,D3,NA,3.356,"(1.5,3]",Good,0.722019838
EN649,1,15,L1,A,between520,14.56,NA,NA,3.356,"(1.5,3]",Good,0.722019838
EN649,1,15,L1,A,greater20,8.979,NA,NA,3.356,"(1.5,3]",Good,0.722019838
EN649,5,6,L2,A,total,0.718,D1,NA,33.722,"(31.5,33]",Good,0.117062762
EN649,5,6,L2,A,less20,0.466,D1,NA,33.722,"(31.5,33]",Good,0.117062762
EN649,5,6,L2,A,less5,0.149,D1,NA,33.722,"(31.5,33]",Good,0.117062762
EN649,5,6,L2,A,between520,0.317,NA,NA,33.722,"(31.5,33]",Good,0.117062762
EN649,5,6,L2,A,greater20,0.252,NA,NA,33.722,"(31.5,33]",Good,0.117062762
EN649,5,10,L2,A,total,4.809,D2,NA,15.397,"(13.5,15]",Good,0.172837762
EN649,5,10,L2,A,less20,2.972,D2,NA,15.397,"(13.5,15]",Good,0.172837762
EN649,5,10,L2,A,less5,1.565,D2,NA,15.397,"(13.5,15]",Good,0.172837762
EN649,5,10,L2,A,between520,1.407,NA,NA,15.397,"(13.5,15]",Good,0.172837762
EN649,5,10,L2,A,greater20,1.837,NA,NA,15.397,"(13.5,15]",Good,0.172837762
EN649,5,15,L2,A,total,27.976,D3,NA,3.698,"(1.5,3]",Good,0.20321554
EN649,5,15,L2,A,less20,16.47,D3,NA,3.698,"(1.5,3]",Good,0.20321554
EN649,5,15,L2,A,less5,6.623,D3,NA,3.698,"(1.5,3]",Good,0.20321554
EN649,5,15,L2,A,between520,9.847,NA,NA,3.698,"(1.5,3]",Good,0.20321554
EN649,5,15,L2,A,greater20,11.506,NA,NA,3.698,"(1.5,3]",Good,0.20321554
EN649,8,8,L8,A,total,0.008,D1,NA,69.648,"(70.5,72]",Good,0.426448592
EN649,8,8,L8,A,less20,0.008,D1,NA,69.648,"(70.5,72]",Good,0.426448592
EN649,8,8,L8,A,less5,0,D1,NA,69.648,"(70.5,72]",Good,0.426448592
EN649,8,8,L8,A,between520,0.008,NA,NA,69.648,"(70.5,72]",Good,0.426448592
EN649,8,8,L8,A,greater20,0,NA,NA,69.648,"(70.5,72]",Good,0.426448592
EN649,8,14,L8,A,total,4.095,D2,NA,29.305,"(27,28.5]",Good,2.112282254
EN649,8,14,L8,A,less20,2.931,D2,NA,29.305,"(27,28.5]",Good,2.112282254
EN649,8,14,L8,A,less5,2.204,D2,NA,29.305,"(27,28.5]",Good,2.112282254
EN649,8,14,L8,A,between520,0.727,NA,NA,29.305,"(27,28.5]",Good,2.112282254
EN649,8,14,L8,A,greater20,1.164,NA,NA,29.305,"(27,28.5]",Good,2.112282254
EN649,12,8,L10,A,total,0,D1,NA,111.333,"(110,111]",Good,-1.307053592
EN649,12,8,L10,A,less20,0,D1,NA,111.333,"(110,111]",Good,-1.307053592
EN649,12,8,L10,A,less5,0,D1,NA,111.333,"(110,111]",Good,-1.307053592
EN649,12,8,L10,A,between520,0,NA,NA,111.333,"(110,111]",Good,-1.307053592
EN649,12,8,L10,A,greater20,0,NA,NA,111.333,"(110,111]",Good,-1.307053592
EN649,12,12,L10,A,total,5.403,D2,NA,44.735,"(43.5,45]",Good,-0.450561926
EN649,12,12,L10,A,less20,4.493,D2,NA,44.735,"(43.5,45]",Good,-0.450561926
EN649,12,12,L10,A,less5,2.039,D2,NA,44.735,"(43.5,45]",Good,-0.450561926
EN649,12,12,L10,A,between520,2.454,NA,NA,44.735,"(43.5,45]",Good,-0.450561926
EN649,12,12,L10,A,greater20,0.91,NA,NA,44.735,"(43.5,45]",Good,-0.450561926
EN649,12,17,L10,A,total,5.458,D3,NA,16.856,"(16.5,18]",Good,-0.442636926
EN649,12,17,L10,A,less20,5.404,D3,NA,16.856,"(16.5,18]",Good,-0.442636926
EN649,12,17,L10,A,less5,0.007,D3,NA,16.856,"(16.5,18]",Good,-0.442636926
EN649,12,17,L10,A,between520,5.397,NA,NA,16.856,"(16.5,18]",Good,-0.442636926
EN649,12,17,L10,A,greater20,0.054,NA,NA,16.856,"(16.5,18]",Good,-0.442636926
EN649,12,21,L10,A,total,6.408,D4,NA,4.962,"(3,4.5]",Good,-0.433401212
EN649,12,21,L10,A,less20,5.692,D4,NA,4.962,"(3,4.5]",Good,-0.433401212
EN649,12,21,L10,A,less5,3.676,D4,NA,4.962,"(3,4.5]",Good,-0.433401212
EN649,12,21,L10,A,between520,2.016,NA,NA,4.962,"(3,4.5]",Good,-0.433401212
EN649,12,21,L10,A,greater20,0.716,NA,NA,4.962,"(3,4.5]",Good,-0.433401212
EN649,16,6,L11,A,total,0.039,D1,NA,110.969,"(110,111]",Bad,-4.334661565
EN649,16,6,L11,A,less20,0.037,D1,NA,110.969,"(110,111]",Bad,-4.334661565
EN649,16,6,L11,A,less5,0,D1,NA,110.969,"(110,111]",Bad,-4.334661565
EN649,16,6,L11,A,between520,0.037,NA,NA,110.969,"(110,111]",Bad,-4.334661565
EN649,16,6,L11,A,greater20,0.002,NA,NA,110.969,"(110,111]",Bad,-4.334661565
EN649,16,8,L11,A,total,0.475,D2,NA,61.728,"(60,61.5]",Bad,-3.878961565
EN649,16,8,L11,A,less20,0.406,D2,NA,61.728,"(60,61.5]",Bad,-3.878961565
EN649,16,8,L11,A,less5,0.124,D2,NA,61.728,"(60,61.5]",Bad,-3.878961565
EN649,16,8,L11,A,between520,0.282,NA,NA,61.728,"(60,61.5]",Bad,-3.878961565
EN649,16,8,L11,A,greater20,0.069,NA,NA,61.728,"(60,61.5]",Bad,-3.878961565
EN649,16,12,L11,A,total,2.939,D3,NA,34.659,"(33,34.5]",Bad,-3.557591565
EN649,16,12,L11,A,less20,2.497,D3,NA,34.659,"(33,34.5]",Bad,-3.557591565
EN649,16,12,L11,A,less5,1.345,D3,NA,34.659,"(33,34.5]",Bad,-3.557591565
EN649,16,12,L11,A,between520,1.152,NA,NA,34.659,"(33,34.5]",Bad,-3.557591565
EN649,16,12,L11,A,greater20,0.442,NA,NA,34.659,"(33,34.5]",Bad,-3.557591565
EN649,16,18,L11,A,total,14.024,D4,NA,3.406,"(1.5,3]",Good,-2.678468707
EN649,16,18,L11,A,less20,11.974,D4,NA,3.406,"(1.5,3]",Good,-2.678468707
EN649,16,18,L11,A,less5,7.1,D4,NA,3.406,"(1.5,3]",Good,-2.678468707
EN649,16,18,L11,A,between520,4.874,NA,NA,3.406,"(1.5,3]",Good,-2.678468707
EN649,16,18,L11,A,greater20,2.05,NA,NA,3.406,"(1.5,3]",Good,-2.678468707
EN649,19,6,L6,A,total,0.223,D1,NA,49.548,"(48,49.5]",Good,0.0135189
EN649,19,6,L6,A,less20,0.167,D1,NA,49.548,"(48,49.5]",Good,0.0135189
EN649,19,6,L6,A,less5,0.067,D1,NA,49.548,"(48,49.5]",Good,0.0135189
EN649,19,6,L6,A,between520,0.1,NA,NA,49.548,"(48,49.5]",Good,0.0135189
EN649,19,6,L6,A,greater20,0.056,NA,NA,49.548,"(48,49.5]",Good,0.0135189
EN649,19,11,L6,A,total,5.422,D2,NA,35.089,"(33,34.5]",Good,0.158704742
EN649,19,11,L6,A,less20,3.024,D2,NA,35.089,"(33,34.5]",Good,0.158704742
EN649,19,11,L6,A,less5,1.573,D2,NA,35.089,"(33,34.5]",Good,0.158704742
EN649,19,11,L6,A,between520,1.451,NA,NA,35.089,"(33,34.5]",Good,0.158704742
EN649,19,11,L6,A,greater20,2.398,NA,NA,35.089,"(33,34.5]",Good,0.158704742
EN649,19,16,L6,A,total,2.015,D3,NA,14.664,"(13.5,15]",Good,-0.093952715
EN649,19,16,L6,A,less20,1.561,D3,NA,14.664,"(13.5,15]",Good,-0.093952715
EN649,19,16,L6,A,less5,1.194,D3,NA,14.664,"(13.5,15]",Good,-0.093952715
EN649,19,16,L6,A,between520,0.367,NA,NA,14.664,"(13.5,15]",Good,-0.093952715
EN649,19,16,L6,A,greater20,0.454,NA,NA,14.664,"(13.5,15]",Good,-0.093952715
EN649,19,21,L6,A,total,11.826,D4,NA,3.98,"(1.5,3]",Good,-0.098650215
EN649,19,21,L6,A,less20,11.317,D4,NA,3.98,"(1.5,3]",Good,-0.098650215
EN649,19,21,L6,A,less5,4.67,D4,NA,3.98,"(1.5,3]",Good,-0.098650215
EN649,19,21,L6,A,between520,6.647,NA,NA,3.98,"(1.5,3]",Good,-0.098650215
EN649,19,21,L6,A,greater20,0.509,NA,NA,3.98,"(1.5,3]",Good,-0.098650215
EN649,21,7,L4,A,total,0.513,D1,NA,37.397,"(36,37.5]",Good,1.398660714
EN649,21,7,L4,A,less20,0.16,D1,NA,37.397,"(36,37.5]",Good,1.398660714
EN649,21,7,L4,A,less5,0.138,D1,NA,37.397,"(36,37.5]",Good,1.398660714
EN649,21,7,L4,A,between520,0.022,NA,NA,37.397,"(36,37.5]",Good,1.398660714
EN649,21,7,L4,A,greater20,0.353,NA,NA,37.397,"(36,37.5]",Good,1.398660714
EN649,21,14,L4,A,total,5.663,D2,NA,15.371,"(13.5,15]",Good,1.876835714
EN649,21,14,L4,A,less20,2.11,D2,NA,15.371,"(13.5,15]",Good,1.876835714
EN649,21,14,L4,A,less5,1.12,D2,NA,15.371,"(13.5,15]",Good,1.876835714
EN649,21,14,L4,A,between520,0.99,NA,NA,15.371,"(13.5,15]",Good,1.876835714
EN649,21,14,L4,A,greater20,3.553,NA,NA,15.371,"(13.5,15]",Good,1.876835714
EN649,21,20,L4,A,total,9.046,D3,NA,3.196,"(1.5,3]",Good,1.877313492
EN649,21,20,L4,A,less20,4.209,D3,NA,3.196,"(1.5,3]",Good,1.877313492
EN649,21,20,L4,A,less5,2.276,D3,NA,3.196,"(1.5,3]",Good,1.877313492
EN649,21,20,L4,A,between520,1.933,NA,NA,3.196,"(1.5,3]",Good,1.877313492
EN649,21,20,L4,A,greater20,4.837,NA,NA,3.196,"(1.5,3]",Good,1.877313492
EN655,2,6,L2,A,total,6.842,D1,NA,30.206,"(28.5,30]",Good,3.692366379
EN655,2,6,L2,A,less20,4.101,D1,NA,30.206,"(28.5,30]",Good,3.692366379
EN655,2,6,L2,A,less5,1.003,D1,NA,30.206,"(28.5,30]",Good,3.692366379
EN655,2,6,L2,A,between520,3.098,NA,NA,30.206,"(28.5,30]",Good,3.692366379
EN655,2,6,L2,A,greater20,2.741,NA,NA,30.206,"(28.5,30]",Good,3.692366379
EN655,2,9,L2,A,total,41.396,D2,NA,20.408,"(19.5,21]",Good,3.023001379
EN655,2,9,L2,A,less20,18.959,D2,NA,20.408,"(19.5,21]",Good,3.023001379
EN655,2,9,L2,A,less5,6.494,D2,NA,20.408,"(19.5,21]",Good,3.023001379
EN655,2,9,L2,A,between520,12.465,NA,NA,20.408,"(19.5,21]",Good,3.023001379
EN655,2,9,L2,A,greater20,22.437,NA,NA,20.408,"(19.5,21]",Good,3.023001379
EN655,2,17,L2,A,total,21.5313,D3,0.4849,1.931,"(1.5,3]",Good,3.622625078
EN655,2,17,L2,A,less20,18.633,D3,NA,1.931,"(1.5,3]",Good,3.622625078
EN655,2,17,L2,A,less5,16.436,D3,NA,1.931,"(1.5,3]",Good,3.622625078
EN655,2,17,L2,A,between520,2.197,NA,NA,1.931,"(1.5,3]",Good,3.622625078
EN655,2,17,L2,A,greater20,2.8983,NA,NA,1.931,"(1.5,3]",Good,3.622625078
EN655,7,11,L4,A,total,20.908,D2,NA,23.297,"(22.5,24]",Good,4.410621799
EN655,7,11,L4,A,less20,19.917,D2,NA,23.297,"(22.5,24]",Good,4.410621799
EN655,7,11,L4,A,less5,17.667,D2,NA,23.297,"(22.5,24]",Good,4.410621799
EN655,7,11,L4,A,between520,2.25,NA,NA,23.297,"(22.5,24]",Good,4.410621799
EN655,7,11,L4,A,greater20,0.991,NA,NA,23.297,"(22.5,24]",Good,4.410621799
EN655,7,15,L4,A,total,38.1,D3,NA,14.075,"(13.5,15]",Good,1.338281799
EN655,7,15,L4,A,less20,37.92,D3,NA,14.075,"(13.5,15]",Good,1.338281799
EN655,7,15,L4,A,less5,32.023,D3,NA,14.075,"(13.5,15]",Good,1.338281799
EN655,7,15,L4,A,between520,5.897,NA,NA,14.075,"(13.5,15]",Good,1.338281799
EN655,7,15,L4,A,greater20,0.18,NA,NA,14.075,"(13.5,15]",Good,1.338281799
EN655,7,20,L4,A,total,20.9997,D4,0.9238,1.809,"(0,1.5]",Good,1.768684818
EN655,7,20,L4,A,less20,13.389,D4,NA,1.809,"(0,1.5]",Good,1.768684818
EN655,7,20,L4,A,less5,9.49,D4,NA,1.809,"(0,1.5]",Good,1.768684818
EN655,7,20,L4,A,between520,3.899,NA,NA,1.809,"(0,1.5]",Good,1.768684818
EN655,7,20,L4,A,greater20,7.6107,NA,NA,1.809,"(0,1.5]",Good,1.768684818
EN655,12,7,L10,A,total,0.958,D1,NA,70.293,"(69,70.5]",Good,0.544610623
EN655,12,7,L10,A,less20,0.645,D1,NA,70.293,"(69,70.5]",Good,0.544610623
EN655,12,7,L10,A,less5,0.373,D1,NA,70.293,"(69,70.5]",Good,0.544610623
EN655,12,7,L10,A,between520,0.272,NA,NA,70.293,"(69,70.5]",Good,0.544610623
EN655,12,7,L10,A,greater20,0.313,NA,NA,70.293,"(69,70.5]",Good,0.544610623
EN655,12,11,L10,A,total,13.654,D2,NA,50.015,"(49.5,51]",Good,0.706902289
EN655,12,11,L10,A,less20,9.878,D2,NA,50.015,"(49.5,51]",Good,0.706902289
EN655,12,11,L10,A,less5,6.41,D2,NA,50.015,"(49.5,51]",Good,0.706902289
EN655,12,11,L10,A,between520,3.468,NA,NA,50.015,"(49.5,51]",Good,0.706902289
EN655,12,11,L10,A,greater20,3.776,NA,NA,50.015,"(49.5,51]",Good,0.706902289
EN655,12,12,L10,A,total,5.879,D3,NA,22.971,"(21,22.5]",Bad,-3.719989377
EN655,12,12,L10,A,less20,3.961,D3,NA,22.971,"(21,22.5]",Bad,-3.719989377
EN655,12,12,L10,A,less5,3.01,D3,NA,22.971,"(21,22.5]",Bad,-3.719989377
EN655,12,12,L10,A,between520,0.951,NA,NA,22.971,"(21,22.5]",Bad,-3.719989377
EN655,12,12,L10,A,greater20,1.918,NA,NA,22.971,"(21,22.5]",Bad,-3.719989377
EN661,1,11,L1,A,total,11.921,D2,NA,10.878,"(9,10.5]",Good,2.095103746
EN661,1,11,L1,A,less20,3.593,D2,NA,10.878,"(9,10.5]",Good,2.095103746
EN661,1,11,L1,A,less5,0.549,D2,NA,10.878,"(9,10.5]",Good,2.095103746
EN661,1,11,L1,A,between520,3.044,NA,NA,10.878,"(9,10.5]",Good,2.095103746
EN661,1,11,L1,A,greater20,8.328,NA,NA,10.878,"(9,10.5]",Good,2.095103746
EN661,1,17,L1,A,total,53.0677,D3,0.4072,1.273,"(0,1.5]",Good,1.959574655
EN661,1,17,L1,A,less20,19.957,D3,NA,1.273,"(0,1.5]",Good,1.959574655
EN661,1,17,L1,A,less5,6.469,D3,NA,1.273,"(0,1.5]",Good,1.959574655
EN661,1,17,L1,A,between520,13.488,NA,NA,1.273,"(0,1.5]",Good,1.959574655
EN661,1,17,L1,A,greater20,33.1107,NA,NA,1.273,"(0,1.5]",Good,1.959574655
EN661,2,9,L2,A,total,1.443,D1,NA,24.094,"(22.5,24]",Good,2.906490896
EN661,2,9,L2,A,less20,1.037,D1,NA,24.094,"(22.5,24]",Good,2.906490896
EN661,2,9,L2,A,less5,0.226,D1,NA,24.094,"(22.5,24]",Good,2.906490896
EN661,2,9,L2,A,between520,0.811,NA,NA,24.094,"(22.5,24]",Good,2.906490896
EN661,2,9,L2,A,greater20,0.406,NA,NA,24.094,"(22.5,24]",Good,2.906490896
EN661,2,13,L2,A,total,1.764,D2,NA,15.162,"(13.5,15]",Good,3.034475896
EN661,2,13,L2,A,less20,0.897,D2,NA,15.162,"(13.5,15]",Good,3.034475896
EN661,2,13,L2,A,less5,0.277,D2,NA,15.162,"(13.5,15]",Good,3.034475896
EN661,2,13,L2,A,between520,0.62,NA,NA,15.162,"(13.5,15]",Good,3.034475896
EN661,2,13,L2,A,greater20,0.867,NA,NA,15.162,"(13.5,15]",Good,3.034475896
EN661,2,18,L2,A,total,12.946,D3,0.7463,3.362,"(1.5,3]",Good,3.096030896
EN661,2,18,L2,A,less20,6.104,D3,NA,3.362,"(1.5,3]",Good,3.096030896
EN661,2,18,L2,A,less5,2.253,D3,NA,3.362,"(1.5,3]",Good,3.096030896
EN661,2,18,L2,A,between520,3.851,NA,NA,3.362,"(1.5,3]",Good,3.096030896
EN661,2,18,L2,A,greater20,6.842,NA,NA,3.362,"(1.5,3]",Good,3.096030896
EN661,5,8,L4,A,total,0.631,D1,NA,28.322,"(27,28.5]",Good,4.077858978
EN661,5,8,L4,A,less20,0.166,D1,NA,28.322,"(27,28.5]",Good,4.077858978
EN661,5,8,L4,A,less5,0.075,D1,NA,28.322,"(27,28.5]",Good,4.077858978
EN661,5,8,L4,A,between520,0.091,NA,NA,28.322,"(27,28.5]",Good,4.077858978
EN661,5,8,L4,A,greater20,0.465,NA,NA,28.322,"(27,28.5]",Good,4.077858978
EN661,5,13,L4,A,total,1.245,D2,NA,15.317,"(13.5,15]",Good,4.078498978
EN661,5,13,L4,A,less20,1.205,D2,NA,15.317,"(13.5,15]",Good,4.078498978
EN661,5,13,L4,A,less5,0.09,D2,NA,15.317,"(13.5,15]",Good,4.078498978
EN661,5,13,L4,A,between520,1.115,NA,NA,15.317,"(13.5,15]",Good,4.078498978
EN661,5,13,L4,A,greater20,0.04,NA,NA,15.317,"(13.5,15]",Good,4.078498978
EN661,5,18,L4,A,total,33.7345,D4,0.7347,2.331,"(1.5,3]",Good,4.085998978
EN661,5,18,L4,A,less20,7.596,D4,NA,2.331,"(1.5,3]",Good,4.085998978
EN661,5,18,L4,A,less5,1.179,D4,NA,2.331,"(1.5,3]",Good,4.085998978
EN661,5,18,L4,A,between520,6.417,NA,NA,2.331,"(1.5,3]",Good,4.085998978
EN661,5,18,L4,A,greater20,26.1385,NA,NA,2.331,"(1.5,3]",Good,4.085998978
EN661,10,4,L11,A,total,0,D1,NA,85.328,"(84,85.5]",Bad,-2.818343056
EN661,10,4,L11,A,less20,0,D1,NA,85.328,"(84,85.5]",Bad,-2.818343056
EN661,10,4,L11,A,less5,0,D1,NA,85.328,"(84,85.5]",Bad,-2.818343056
EN661,10,4,L11,A,between520,0,NA,NA,85.328,"(84,85.5]",Bad,-2.818343056
EN661,10,4,L11,A,greater20,0,NA,NA,85.328,"(84,85.5]",Bad,-2.818343056
EN661,10,7,L11,A,total,0,D2,NA,40.151,"(39,40.5]",Good,-2.532736389
EN661,10,7,L11,A,less20,0,D2,NA,40.151,"(39,40.5]",Good,-2.532736389
EN661,10,7,L11,A,less5,0,D2,NA,40.151,"(39,40.5]",Good,-2.532736389
EN661,10,7,L11,A,between520,0,NA,NA,40.151,"(39,40.5]",Good,-2.532736389
EN661,10,7,L11,A,greater20,0,NA,NA,40.151,"(39,40.5]",Good,-2.532736389
EN661,10,14,L11,A,total,0.455,D3,NA,20.006,"(19.5,21]",Good,-1.899316389
EN661,10,14,L11,A,less20,0,D3,NA,20.006,"(19.5,21]",Good,-1.899316389
EN661,10,14,L11,A,less5,0,D3,NA,20.006,"(19.5,21]",Good,-1.899316389
EN661,10,14,L11,A,between520,0,NA,NA,20.006,"(19.5,21]",Good,-1.899316389
EN661,10,14,L11,A,greater20,0.455,NA,NA,20.006,"(19.5,21]",Good,-1.899316389
EN661,10,20,L11,A,total,3.1355,D4,0.2963,2.869,"(1.5,3]",Good,-1.861801389
EN661,10,20,L11,A,less20,0,D4,NA,2.869,"(1.5,3]",Good,-1.861801389
EN661,10,20,L11,A,less5,0,D4,NA,2.869,"(1.5,3]",Good,-1.861801389
EN661,10,20,L11,A,between520,0,NA,NA,2.869,"(1.5,3]",Good,-1.861801389
EN661,10,20,L11,A,greater20,3.1355,NA,NA,2.869,"(1.5,3]",Good,-1.861801389
EN661,13,9,L1,A,total,0.489,D1,NA,10.42,"(9,10.5]",Good,0.701292026
EN661,13,9,L1,A,less20,0.223,D1,NA,10.42,"(9,10.5]",Good,0.701292026
EN661,13,9,L1,A,less5,0.012,D1,NA,10.42,"(9,10.5]",Good,0.701292026
EN661,13,9,L1,A,between520,0.211,NA,NA,10.42,"(9,10.5]",Good,0.701292026
EN661,13,9,L1,A,greater20,0.266,NA,NA,10.42,"(9,10.5]",Good,0.701292026
EN661,13,14,L1,A,total,28.7285,D4,1.4503,1.821,"(0,1.5]",Good,0.642872026
EN661,13,14,L1,A,less20,6.374,D4,NA,1.821,"(0,1.5]",Good,0.642872026
EN661,13,14,L1,A,less5,0,D4,NA,1.821,"(0,1.5]",Good,0.642872026
EN661,13,14,L1,A,between520,6.374,NA,NA,1.821,"(0,1.5]",Good,0.642872026
EN661,13,14,L1,A,greater20,22.3545,NA,NA,1.821,"(0,1.5]",Good,0.642872026
EN668,1,6,L1,A,total,34.135,D1,NA,14.035,"(13.5,15]",Good,-0.907797917
EN668,1,6,L1,A,less20,31.149,D1,NA,14.035,"(13.5,15]",Good,-0.907797917
EN668,1,6,L1,A,less5,11.859,D1,NA,14.035,"(13.5,15]",Good,-0.907797917
EN668,1,6,L1,A,between520,19.29,NA,NA,14.035,"(13.5,15]",Good,-0.907797917
EN668,1,6,L1,A,greater20,2.986,NA,NA,14.035,"(13.5,15]",Good,-0.907797917
EN668,1,12,L1,A,total,31.042,D2,NA,10.228,"(9,10.5]",Good,-1.23580625
EN668,1,12,L1,A,less20,25.882,D2,NA,10.228,"(9,10.5]",Good,-1.23580625
EN668,1,12,L1,A,less5,6.04,D2,NA,10.228,"(9,10.5]",Good,-1.23580625
EN668,1,12,L1,A,between520,19.842,NA,NA,10.228,"(9,10.5]",Good,-1.23580625
EN668,1,12,L1,A,greater20,5.16,NA,NA,10.228,"(9,10.5]",Good,-1.23580625
EN668,1,18,L1,A,total,30.4927,D3,1.4974,4.03,"(3,4.5]",Good,3.591804861
EN668,1,18,L1,A,less20,24.184,D3,NA,4.03,"(3,4.5]",Good,3.591804861
EN668,1,18,L1,A,less5,11.044,D3,NA,4.03,"(3,4.5]",Good,3.591804861
EN668,1,18,L1,A,between520,13.14,NA,NA,4.03,"(3,4.5]",Good,3.591804861
EN668,1,18,L1,A,greater20,6.3087,NA,NA,4.03,"(3,4.5]",Good,3.591804861
EN668,2,9,L2,A,total,14.459,D1,NA,21.343,"(19.5,21]",Good,0.917468041
EN668,2,9,L2,A,less20,8.669,D1,NA,21.343,"(19.5,21]",Good,0.917468041
EN668,2,9,L2,A,less5,0.373,D1,NA,21.343,"(19.5,21]",Good,0.917468041
EN668,2,9,L2,A,between520,8.296,NA,NA,21.343,"(19.5,21]",Good,0.917468041
EN668,2,9,L2,A,greater20,5.79,NA,NA,21.343,"(19.5,21]",Good,0.917468041
EN668,2,14,L2,A,total,17.572,D2,NA,15.292,"(13.5,15]",Good,-0.755431959
EN668,2,14,L2,A,less20,14.664,D2,NA,15.292,"(13.5,15]",Good,-0.755431959
EN668,2,14,L2,A,less5,4.036,D2,NA,15.292,"(13.5,15]",Good,-0.755431959
EN668,2,14,L2,A,between520,10.628,NA,NA,15.292,"(13.5,15]",Good,-0.755431959
EN668,2,14,L2,A,greater20,2.908,NA,NA,15.292,"(13.5,15]",Good,-0.755431959
EN668,2,19,L2,A,total,12.2853,D3,0.1575,2.719,"(1.5,3]",Good,3.417147751
EN668,2,19,L2,A,less20,9.361,D3,NA,2.719,"(1.5,3]",Good,3.417147751
EN668,2,19,L2,A,less5,4.607,D3,NA,2.719,"(1.5,3]",Good,3.417147751
EN668,2,19,L2,A,between520,4.754,NA,NA,2.719,"(1.5,3]",Good,3.417147751
EN668,2,19,L2,A,greater20,2.9243,NA,NA,2.719,"(1.5,3]",Good,3.417147751
EN668,5,6,L4,A,total,1.177,D1,NA,42.899,"(40.5,42]",Good,5.131273684
EN668,5,6,L4,A,less20,0.678,D1,NA,42.899,"(40.5,42]",Good,5.131273684
EN668,5,6,L4,A,less5,0.2,D1,NA,42.899,"(40.5,42]",Good,5.131273684
EN668,5,6,L4,A,between520,0.478,NA,NA,42.899,"(40.5,42]",Good,5.131273684
EN668,5,6,L4,A,greater20,0.499,NA,NA,42.899,"(40.5,42]",Good,5.131273684
EN668,5,11,L4,A,total,47.686,D2,NA,30.31,"(28.5,30]",Good,3.496153684
EN668,5,11,L4,A,less20,28.792,D2,NA,30.31,"(28.5,30]",Good,3.496153684
EN668,5,11,L4,A,less5,15.156,D2,NA,30.31,"(28.5,30]",Good,3.496153684
EN668,5,11,L4,A,between520,13.636,NA,NA,30.31,"(28.5,30]",Good,3.496153684
EN668,5,11,L4,A,greater20,18.894,NA,NA,30.31,"(28.5,30]",Good,3.496153684
EN668,5,16,L4,A,total,14.084,D3,NA,17.129,"(16.5,18]",Good,-1.499476316
EN668,5,16,L4,A,less20,10.22,D3,NA,17.129,"(16.5,18]",Good,-1.499476316
EN668,5,16,L4,A,less5,4.205,D3,NA,17.129,"(16.5,18]",Good,-1.499476316
EN668,5,16,L4,A,between520,6.015,NA,NA,17.129,"(16.5,18]",Good,-1.499476316
EN668,5,16,L4,A,greater20,3.864,NA,NA,17.129,"(16.5,18]",Good,-1.499476316
EN668,5,20,L4,A,total,9.9003,D4,0.6359,4.064,"(3,4.5]",Good,4.974249123
EN668,5,20,L4,A,less20,7.746,D4,NA,4.064,"(3,4.5]",Good,4.974249123
EN668,5,20,L4,A,less5,3.25,D4,NA,4.064,"(3,4.5]",Good,4.974249123
EN668,5,20,L4,A,between520,4.496,NA,NA,4.064,"(3,4.5]",Good,4.974249123
EN668,5,20,L4,A,greater20,2.1543,NA,NA,4.064,"(3,4.5]",Good,4.974249123
EN668,11,9,L11,A,total,14.761,D2,NA,35.889,"(34.5,36]",Good,3.086623762
EN668,11,9,L11,A,less20,12.715,D2,NA,35.889,"(34.5,36]",Good,3.086623762
EN668,11,9,L11,A,less5,5.008,D2,NA,35.889,"(34.5,36]",Good,3.086623762
EN668,11,9,L11,A,between520,7.707,NA,NA,35.889,"(34.5,36]",Good,3.086623762
EN668,11,9,L11,A,greater20,2.046,NA,NA,35.889,"(34.5,36]",Good,3.086623762
EN668,15,6,L8,A,total,0.322,D1,NA,65.414,"(64.5,66]",Good,3.39009244
EN668,15,6,L8,A,less20,0.164,D1,NA,65.414,"(64.5,66]",Good,3.39009244
EN668,15,6,L8,A,less5,0.019,D1,NA,65.414,"(64.5,66]",Good,3.39009244
EN668,15,6,L8,A,between520,0.145,NA,NA,65.414,"(64.5,66]",Good,3.39009244
EN668,15,6,L8,A,greater20,0.158,NA,NA,65.414,"(64.5,66]",Good,3.39009244
EN668,15,10,L8,A,total,9.735,D2,NA,38.349,"(37.5,39]",Good,2.509848762
EN668,15,10,L8,A,less20,5.506,D2,NA,38.349,"(37.5,39]",Good,2.509848762
EN668,15,10,L8,A,less5,3.193,D2,NA,38.349,"(37.5,39]",Good,2.509848762
EN668,15,10,L8,A,between520,2.313,NA,NA,38.349,"(37.5,39]",Good,2.509848762
EN668,15,10,L8,A,greater20,4.229,NA,NA,38.349,"(37.5,39]",Good,2.509848762
EN668,15,16,L8,A,total,10.89,D3,NA,13.755,"(12,13.5]",Good,0.725925773
EN668,15,16,L8,A,less20,7.895,D3,NA,13.755,"(12,13.5]",Good,0.725925773
EN668,15,16,L8,A,less5,4.936,D3,NA,13.755,"(12,13.5]",Good,0.725925773
EN668,15,16,L8,A,between520,2.959,NA,NA,13.755,"(12,13.5]",Good,0.725925773
EN668,15,16,L8,A,greater20,2.995,NA,NA,13.755,"(12,13.5]",Good,0.725925773
EN668,18,7,L6,A,total,0.09,D1,NA,50.542,"(49.5,51]",Bad,6.14045
EN668,18,7,L6,A,less20,0,D1,NA,50.542,"(49.5,51]",Bad,6.14045
EN668,18,7,L6,A,less5,0,D1,NA,50.542,"(49.5,51]",Bad,6.14045
EN668,18,7,L6,A,between520,0,NA,NA,50.542,"(49.5,51]",Bad,6.14045
EN668,18,7,L6,A,greater20,0.09,NA,NA,50.542,"(49.5,51]",Bad,6.14045
EN668,18,9,L6,A,total,38.5525,D2,2.0952,30.914,"(28.5,30]",Good,4.975566667
EN668,18,9,L6,A,less20,22.605,D2,NA,30.914,"(28.5,30]",Good,4.975566667
EN668,18,9,L6,A,less5,11.971,D2,NA,30.914,"(28.5,30]",Good,4.975566667
EN668,18,9,L6,A,between520,10.634,NA,NA,30.914,"(28.5,30]",Good,4.975566667
EN668,18,9,L6,A,greater20,15.9475,NA,NA,30.914,"(28.5,30]",Good,4.975566667
EN668,18,16,L6,A,total,21.67,D3,NA,17.874,"(16.5,18]",Good,-2.006883333
EN668,18,16,L6,A,less20,13.957,D3,NA,17.874,"(16.5,18]",Good,-2.006883333
EN668,18,16,L6,A,less5,8.429,D3,NA,17.874,"(16.5,18]",Good,-2.006883333
EN668,18,16,L6,A,between520,5.528,NA,NA,17.874,"(16.5,18]",Good,-2.006883333
EN668,18,16,L6,A,greater20,7.713,NA,NA,17.874,"(16.5,18]",Good,-2.006883333
EN668,18,20,L6,A,total,3.226,D4,0.5049,3.801,"(1.5,3]",Good,2.492752993
EN668,18,20,L6,A,less20,2.971,D4,NA,3.801,"(1.5,3]",Good,2.492752993
EN668,18,20,L6,A,less5,1.533,D4,NA,3.801,"(1.5,3]",Good,2.492752993
EN668,18,20,L6,A,between520,1.438,NA,NA,3.801,"(1.5,3]",Good,2.492752993
EN668,18,20,L6,A,greater20,0.255,NA,NA,3.801,"(1.5,3]",Good,2.492752993
EN668,20,3,d6a,A,total,36.396,D2,NA,49.171,"(48,49.5]",Good,1.027655952
EN668,20,3,d6a,A,less20,5.174,D2,NA,49.171,"(48,49.5]",Good,1.027655952
EN668,20,3,d6a,A,less5,2.219,D2,NA,49.171,"(48,49.5]",Good,1.027655952
EN668,20,3,d6a,A,between520,2.955,NA,NA,49.171,"(48,49.5]",Good,1.027655952
EN668,20,3,d6a,A,greater20,31.222,NA,NA,49.171,"(48,49.5]",Good,1.027655952
EN687,1,5,L1,A,total,22.853,D1,NA,15.899,"(16.5,18]",Good,1.194781869
EN687,1,5,L1,A,less20,16.424,D1,NA,15.899,"(16.5,18]",Good,1.194781869
EN687,1,5,L1,A,less5,7.589,D1,NA,15.899,"(16.5,18]",Good,1.194781869
EN687,1,5,L1,A,between520,8.835,NA,NA,15.899,"(16.5,18]",Good,1.194781869
EN687,1,5,L1,A,greater20,6.429,NA,NA,15.899,"(16.5,18]",Good,1.194781869
EN687,1,12,L1,A,total,47.206,D2,NA,13.391,"(12,13.5]",Good,-0.668620351
EN687,1,12,L1,A,less20,38.19,D2,NA,13.391,"(12,13.5]",Good,-0.668620351
EN687,1,12,L1,A,less5,17.626,D2,NA,13.391,"(12,13.5]",Good,-0.668620351
EN687,1,12,L1,A,between520,20.564,NA,NA,13.391,"(12,13.5]",Good,-0.668620351
EN687,1,12,L1,A,greater20,9.016,NA,NA,13.391,"(12,13.5]",Good,-0.668620351
EN687,1,17,L1,A,total,62.3347,D3,3.2881,3.006,"(1.5,3]",Good,1.976033158
EN687,1,17,L1,A,less20,54.5137,D3,2.1276,3.006,"(1.5,3]",Good,1.976033158
EN687,1,17,L1,A,less5,18.7807,D3,1.3994,3.006,"(1.5,3]",Good,1.976033158
EN687,1,17,L1,A,between520,35.733,NA,NA,3.006,"(1.5,3]",Good,1.976033158
EN687,1,17,L1,A,greater20,7.821,NA,NA,3.006,"(1.5,3]",Good,1.976033158
EN687,2,7,L2,A,total,6.555,D1,NA,25.052,"(22.5,24]",Good,3.671094672
EN687,2,7,L2,A,less20,5.718,D1,NA,25.052,"(22.5,24]",Good,3.671094672
EN687,2,7,L2,A,less5,2.97,D1,NA,25.052,"(22.5,24]",Good,3.671094672
EN687,2,7,L2,A,between520,2.748,NA,NA,25.052,"(22.5,24]",Good,3.671094672
EN687,2,7,L2,A,greater20,0.837,NA,NA,25.052,"(22.5,24]",Good,3.671094672
EN687,2,12,L2,A,total,189.814,D2,NA,13.656,"(12,13.5]",Good,3.061169672
EN687,2,12,L2,A,less20,86.953,D2,NA,13.656,"(12,13.5]",Good,3.061169672
EN687,2,12,L2,A,less5,30.924,D2,NA,13.656,"(12,13.5]",Good,3.061169672
EN687,2,12,L2,A,between520,56.029,NA,NA,13.656,"(12,13.5]",Good,3.061169672
EN687,2,12,L2,A,greater20,102.861,NA,NA,13.656,"(12,13.5]",Good,3.061169672
EN687,2,18,L2,A,total,35.369,D3,0.0947,2.665,"(1.5,3]",Good,2.795563125
EN687,2,18,L2,A,less20,30.462,D3,NA,2.665,"(1.5,3]",Good,2.795563125
EN687,2,18,L2,A,less5,11.266,D3,NA,2.665,"(1.5,3]",Good,2.795563125
EN687,2,18,L2,A,between520,19.196,NA,NA,2.665,"(1.5,3]",Good,2.795563125
EN687,2,18,L2,A,greater20,4.907,NA,NA,2.665,"(1.5,3]",Good,2.795563125
EN687,5,6,L4,A,total,0.375,D1,NA,40.223,"(39,40.5]",Good,2.387375439
EN687,5,6,L4,A,less20,0.257,D1,NA,40.223,"(39,40.5]",Good,2.387375439
EN687,5,6,L4,A,less5,0.091,D1,NA,40.223,"(39,40.5]",Good,2.387375439
EN687,5,6,L4,A,between520,0.166,NA,NA,40.223,"(39,40.5]",Good,2.387375439
EN687,5,6,L4,A,greater20,0.118,NA,NA,40.223,"(39,40.5]",Good,2.387375439
EN687,5,10,L4,A,total,7.684,D2,NA,30.257,"(28.5,30]",Good,0.82052281
EN687,5,10,L4,A,less20,5.873,D2,NA,30.257,"(28.5,30]",Good,0.82052281
EN687,5,10,L4,A,less5,3.371,D2,NA,30.257,"(28.5,30]",Good,0.82052281
EN687,5,10,L4,A,between520,2.502,NA,NA,30.257,"(28.5,30]",Good,0.82052281
EN687,5,10,L4,A,greater20,1.811,NA,NA,30.257,"(28.5,30]",Good,0.82052281
EN687,5,13,L4,A,total,29.071,D3,NA,16.088,"(13.5,15]",Good,4.922200877
EN687,5,13,L4,A,less20,18.019,D3,NA,16.088,"(13.5,15]",Good,4.922200877
EN687,5,13,L4,A,less5,12.145,D3,NA,16.088,"(13.5,15]",Good,4.922200877
EN687,5,13,L4,A,between520,5.874,NA,NA,16.088,"(13.5,15]",Good,4.922200877
EN687,5,13,L4,A,greater20,11.052,NA,NA,16.088,"(13.5,15]",Good,4.922200877
EN687,5,21,L4,A,total,35.5843,D4,2.0137,2.974,"(1.5,3]",Good,3.079336587
EN687,5,21,L4,A,less20,30.655,D4,NA,2.974,"(1.5,3]",Good,3.079336587
EN687,5,21,L4,A,less5,10.417,D4,NA,2.974,"(1.5,3]",Good,3.079336587
EN687,5,21,L4,A,between520,20.238,NA,NA,2.974,"(1.5,3]",Good,3.079336587
EN687,5,21,L4,A,greater20,4.9293,NA,NA,2.974,"(1.5,3]",Good,3.079336587
EN687,10,7,L11,A,total,0.966,D1,NA,50.15,"(49.5,51]",Good,-1.235554163
EN687,10,7,L11,A,less20,0.748,D1,NA,50.15,"(49.5,51]",Good,-1.235554163
EN687,10,7,L11,A,less5,0.501,D1,NA,50.15,"(49.5,51]",Good,-1.235554163
EN687,10,7,L11,A,between520,0.247,NA,NA,50.15,"(49.5,51]",Good,-1.235554163
EN687,10,7,L11,A,greater20,0.218,NA,NA,50.15,"(49.5,51]",Good,-1.235554163
EN687,10,11,L11,A,total,8.05,D2,NA,37.51,"(36,37.5]",Good,1.553552778
EN687,10,11,L11,A,less20,6.995,D2,NA,37.51,"(36,37.5]",Good,1.553552778
EN687,10,11,L11,A,less5,4.18,D2,NA,37.51,"(36,37.5]",Good,1.553552778
EN687,10,11,L11,A,between520,2.815,NA,NA,37.51,"(36,37.5]",Good,1.553552778
EN687,10,11,L11,A,greater20,1.055,NA,NA,37.51,"(36,37.5]",Good,1.553552778
EN687,10,15,L11,A,total,9.741,D3,NA,22.951,"(22.5,24]",Bad,5.622169448
EN687,10,15,L11,A,less20,8.116,D3,NA,22.951,"(22.5,24]",Bad,5.622169448
EN687,10,15,L11,A,less5,2.866,D3,NA,22.951,"(22.5,24]",Bad,5.622169448
EN687,10,15,L11,A,between520,5.25,NA,NA,22.951,"(22.5,24]",Bad,5.622169448
EN687,10,15,L11,A,greater20,1.625,NA,NA,22.951,"(22.5,24]",Bad,5.622169448
EN687,10,21,L11,A,total,3.172,D4,0.0622,2.581,"(1.5,3]",Good,-0.170730552
EN687,10,21,L11,A,less20,3.007,D4,NA,2.581,"(1.5,3]",Good,-0.170730552
EN687,10,21,L11,A,less5,1.112,D4,NA,2.581,"(1.5,3]",Good,-0.170730552
EN687,10,21,L11,A,between520,1.895,NA,NA,2.581,"(1.5,3]",Good,-0.170730552
EN687,10,21,L11,A,greater20,0.165,NA,NA,2.581,"(1.5,3]",Good,-0.170730552
EN687,16,5,L8,A,total,0.467,D1,NA,53.538,"(52.5,54]",Good,0.89919386
EN687,16,5,L8,A,less20,0.318,D1,NA,53.538,"(52.5,54]",Good,0.89919386
EN687,16,5,L8,A,less5,0.173,D1,NA,53.538,"(52.5,54]",Good,0.89919386
EN687,16,5,L8,A,between520,0.145,NA,NA,53.538,"(52.5,54]",Good,0.89919386
EN687,16,5,L8,A,greater20,0.149,NA,NA,53.538,"(52.5,54]",Good,0.89919386
EN687,16,15,L8,A,total,21.379,D3,NA,19.218,"(18,19.5]",Good,5.06346053
EN687,16,15,L8,A,less20,19.306,D3,NA,19.218,"(18,19.5]",Good,5.06346053
EN687,16,15,L8,A,less5,8.009,D3,NA,19.218,"(18,19.5]",Good,5.06346053
EN687,16,15,L8,A,between520,11.297,NA,NA,19.218,"(18,19.5]",Good,5.06346053
EN687,16,15,L8,A,greater20,2.073,NA,NA,19.218,"(18,19.5]",Good,5.06346053
EN687,16,21,L8,A,total,24.205,D4,2.2557,2.788,"(1.5,3]",Good,0.36907243
EN687,16,21,L8,A,less20,22.345,D4,NA,2.788,"(1.5,3]",Good,0.36907243
EN687,16,21,L8,A,less5,8.872,D4,NA,2.788,"(1.5,3]",Good,0.36907243
EN687,16,21,L8,A,between520,13.473,NA,NA,2.788,"(1.5,3]",Good,0.36907243
EN687,16,21,L8,A,greater20,1.86,NA,NA,2.788,"(1.5,3]",Good,0.36907243
EN687,18,8,L6,A,total,11.893,D1,NA,30.265,"(28.5,30]",Good,1.160077978
EN687,18,8,L6,A,less20,11.461,D1,NA,30.265,"(28.5,30]",Good,1.160077978
EN687,18,8,L6,A,less5,3.733,D1,NA,30.265,"(28.5,30]",Good,1.160077978
EN687,18,8,L6,A,between520,7.728,NA,NA,30.265,"(28.5,30]",Good,1.160077978
EN687,18,8,L6,A,greater20,0.432,NA,NA,30.265,"(28.5,30]",Good,1.160077978
EN687,18,12,L6,A,total,33.368,D2,NA,19.031,"(16.5,18]",Good,4.621563277
EN687,18,12,L6,A,less20,30.625,D2,NA,19.031,"(16.5,18]",Good,4.621563277
EN687,18,12,L6,A,less5,21.378,D2,2.8143,19.031,"(16.5,18]",Good,4.621563277
EN687,18,12,L6,A,between520,9.247,NA,NA,19.031,"(16.5,18]",Good,4.621563277
EN687,18,12,L6,A,greater20,2.743,NA,NA,19.031,"(16.5,18]",Good,4.621563277
EN687,18,16,L6,A,total,19.548,D3,NA,14.078,"(13.5,15]",Good,3.343806137
EN687,18,16,L6,A,less20,18.271,D3,NA,14.078,"(13.5,15]",Good,3.343806137
EN687,18,16,L6,A,less5,10.02,D3,NA,14.078,"(13.5,15]",Good,3.343806137
EN687,18,16,L6,A,between520,8.251,NA,NA,14.078,"(13.5,15]",Good,3.343806137
EN687,18,16,L6,A,greater20,1.277,NA,NA,14.078,"(13.5,15]",Good,3.343806137
EN687,18,22,L6,A,total,14.1157,D4,0.2831,3.167,"(1.5,3]",Good,1.039689467
EN687,18,22,L6,A,less20,11.537,D4,NA,3.167,"(1.5,3]",Good,1.039689467
EN687,18,22,L6,A,less5,7.124,D4,NA,3.167,"(1.5,3]",Good,1.039689467
EN687,18,22,L6,A,between520,4.413,NA,NA,3.167,"(1.5,3]",Good,1.039689467
EN687,18,22,L6,A,greater20,2.5787,NA,NA,3.167,"(1.5,3]",Good,1.039689467
EN655,12,20,L10,A,total,6.4303,D4,0.225,2.685,"(1.5,3]",Good,2.388856639
EN655,12,20,L10,A,less20,6.4303,D4,NA,2.685,"(1.5,3]",Good,2.388856639
EN655,12,20,L10,A,less5,6.4303,D4,NA,2.685,"(1.5,3]",Good,2.388856639
EN655,12,20,L10,A,between520,0,NA,NA,2.685,"(1.5,3]",Good,2.388856639
EN655,12,20,L10,A,greater20,0,NA,NA,2.685,"(1.5,3]",Good,2.388856639
EN655,1,18,L1,A,total,16.8517,D3,0.2414,2.467,"(1.5,3]",Good,2.887186316
EN655,1,18,L1,A,less20,16.8517,D3,NA,2.467,"(1.5,3]",Good,2.887186316
EN655,1,18,L1,A,less5,13.783,D3,NA,2.467,"(1.5,3]",Good,2.887186316
EN655,1,18,L1,A,between520,3.0687,NA,NA,2.467,"(1.5,3]",Good,2.887186316
EN655,1,18,L1,A,greater20,0,NA,NA,2.467,"(1.5,3]",Good,2.887186316
EN655,7,4,L4,A,total,1.309,D1,NA,39.711,"(37.5,39]",Bad,7.454321799
EN655,7,4,L4,A,less20,1.309,D1,NA,39.711,"(37.5,39]",Bad,7.454321799
EN655,7,4,L4,A,less5,1.063,D1,NA,39.711,"(37.5,39]",Bad,7.454321799
EN655,7,4,L4,A,between520,0.246,NA,NA,39.711,"(37.5,39]",Bad,7.454321799
EN655,7,4,L4,A,greater20,0,NA,NA,39.711,"(37.5,39]",Bad,7.454321799
EN661,1,4,L1,A,total,1.287,D1,NA,17.238,"(16.5,18]",Good,2.125823746
EN661,1,4,L1,A,less20,1.287,D1,NA,17.238,"(16.5,18]",Good,2.125823746
EN661,1,4,L1,A,less5,0.115,D1,NA,17.238,"(16.5,18]",Good,2.125823746
EN661,1,4,L1,A,between520,1.172,NA,NA,17.238,"(16.5,18]",Good,2.125823746
EN661,1,4,L1,A,greater20,0,NA,NA,17.238,"(16.5,18]",Good,2.125823746
EN668,11,5,L11,A,total,0.043,D1,NA,73.59,"(72,73.5]",Good,1.654490429
EN668,11,5,L11,A,less20,0.043,D1,NA,73.59,"(72,73.5]",Good,1.654490429
EN668,11,5,L11,A,less5,0,D1,NA,73.59,"(72,73.5]",Good,1.654490429
EN668,11,5,L11,A,between520,0.043,NA,NA,73.59,"(72,73.5]",Good,1.654490429
EN668,11,5,L11,A,greater20,0,NA,NA,73.59,"(72,73.5]",Good,1.654490429
EN668,11,12,L11,A,total,7.656,D3,NA,13.058,"(12,13.5]",Bad,5.970570903
EN668,11,12,L11,A,less20,7.656,D3,NA,13.058,"(12,13.5]",Bad,5.970570903
EN668,11,12,L11,A,less5,6.446,D3,NA,13.058,"(12,13.5]",Bad,5.970570903
EN668,11,12,L11,A,between520,1.21,NA,NA,13.058,"(12,13.5]",Bad,5.970570903
EN668,11,12,L11,A,greater20,0,NA,NA,13.058,"(12,13.5]",Bad,5.970570903
EN668,11,20,L11,A,total,3.885,D4,0.1118,4.899,"(3,4.5]",Good,1.844345903
EN668,11,20,L11,A,less20,3.885,D4,NA,4.899,"(3,4.5]",Good,1.844345903
EN668,11,20,L11,A,less5,1.295,D4,NA,4.899,"(3,4.5]",Good,1.844345903
EN668,11,20,L11,A,between520,2.59,NA,NA,4.899,"(3,4.5]",Good,1.844345903
EN668,11,20,L11,A,greater20,0,NA,NA,4.899,"(3,4.5]",Good,1.844345903
EN668,15,20,L8,A,total,3.754,D4,0.1131,4.003,"(3,4.5]",Good,1.3716459030000001
EN668,15,20,L8,A,less20,3.754,D4,NA,4.003,"(3,4.5]",Good,1.3716459030000001
EN668,15,20,L8,A,less5,3.723,D4,NA,4.003,"(3,4.5]",Good,1.3716459030000001
EN668,15,20,L8,A,between520,0.031,NA,NA,4.003,"(3,4.5]",Good,1.3716459030000001
EN668,15,20,L8,A,greater20,0,NA,NA,4.003,"(3,4.5]",Good,1.3716459030000001
EN668,20,17,d6a,A,total,6.058,D3,NA,3.786,"(1.5,3]",Good,0.122060119
EN668,20,17,d6a,A,less20,6.058,D3,NA,3.786,"(1.5,3]",Good,0.122060119
EN668,20,17,d6a,A,less5,3.124,D3,NA,3.786,"(1.5,3]",Good,0.122060119
EN668,20,17,d6a,A,between520,2.934,NA,NA,3.786,"(1.5,3]",Good,0.122060119
EN668,20,17,d6a,A,greater20,0,NA,NA,3.786,"(1.5,3]",Good,0.122060119
EN687,16,11,L8,A,total,15.617,D2,NA,36.124,"(34.5,36]",Good,0.69986886
EN687,16,11,L8,A,less20,15.617,D2,NA,36.124,"(34.5,36]",Good,0.69986886
EN687,16,11,L8,A,less5,6.437,D2,NA,36.124,"(34.5,36]",Good,0.69986886
EN687,16,11,L8,A,between520,9.18,NA,NA,36.124,"(34.5,36]",Good,0.69986886
EN687,16,11,L8,A,greater20,0,NA,NA,36.124,"(34.5,36]",Good,0.69986886
AT46,17,6,L2,A,total,4.466,D1,NA,27.643,"(25.5,27]",Good,0.998096944
AT46,17,6,L2,A,less20,2.381,D1,NA,27.643,"(25.5,27]",Good,0.998096944
AT46,17,6,L2,A,less5,1.292,D1,NA,27.643,"(25.5,27]",Good,0.998096944
AT46,17,6,L2,A,between520,1.089,NA,NA,27.643,"(25.5,27]",Good,0.998096944
AT46,17,6,L2,A,greater20,2.085,NA,NA,27.643,"(25.5,27]",Good,0.998096944
EN655,1,4,L1,A,total,12.138,D1,NA,18.303,"(16.5,18]",Good,0.54912386
EN655,1,4,L1,A,less20,8.495,D1,NA,18.303,"(16.5,18]",Good,0.54912386
EN655,1,4,L1,A,less5,8.2,D1,NA,18.303,"(16.5,18]",Good,0.54912386
EN655,1,4,L1,A,between520,0.295,NA,NA,18.303,"(16.5,18]",Good,0.54912386
EN655,1,4,L1,A,greater20,3.643,NA,NA,18.303,"(16.5,18]",Good,0.54912386
EN655,1,9,L1,A,total,64.912,D2,NA,12.825,"(10.5,12]",Good,0.29590386
EN655,1,9,L1,A,less20,27.498,D2,NA,12.825,"(10.5,12]",Good,0.29590386
EN655,1,9,L1,A,less5,16.747,D2,NA,12.825,"(10.5,12]",Good,0.29590386
EN655,1,9,L1,A,between520,10.751,NA,NA,12.825,"(10.5,12]",Good,0.29590386
EN655,1,9,L1,A,greater20,37.414,NA,NA,12.825,"(10.5,12]",Good,0.29590386
EN649,8,20,L8,A,total,13.335,D3,NA,3.657,"(1.5,3]",Good,2.298779754
EN649,8,20,L8,A,less20,0,D3,NA,3.657,"(1.5,3]",Good,2.298779754
EN649,8,20,L8,A,less5,0,D3,NA,3.657,"(1.5,3]",Good,2.298779754
EN649,8,20,L8,A,between520,0,NA,NA,3.657,"(1.5,3]",Good,2.298779754
EN649,8,20,L8,A,greater20,13.335,NA,NA,3.657,"(1.5,3]",Good,2.298779754
AT46,7,16,L11,A,total,0.54,D3,0.0566,20.693,"(19.5,21]",Good,-2.579232603
AT46,7,16,L11,A,less20,0,D3,NA,20.693,"(19.5,21]",Good,-2.579232603
AT46,7,16,L11,A,less5,0,D3,NA,20.693,"(19.5,21]",Good,-2.579232603
AT46,7,16,L11,A,between520,0,NA,NA,20.693,"(19.5,21]",Good,-2.579232603
AT46,7,16,L11,A,greater20,0.54,NA,NA,20.693,"(19.5,21]",Good,-2.579232603
